category,name,subtitle,schedule,leaders,location,about,contact,signup_url,photo,emoji,color,show
study,Aged to Perfection,55+ Life Group,Thursdays · 11am–1pm,Bill & Mike,"The Burg Church · Harrisburg, NC","Like a fine wine, a great steak, or good cheese, our 55-and-over group is aged to perfection. Come join us for a great time of study and fellowship.",mike@theburg.church,https://theburgchurch.churchcenter.com/groups/study/aged-to-perfection,,⭐,#c9a96e,yes
study,Becoming A Disciple,Growth Group,Every other Tuesday · 6:30–8pm,Bo,"Home group · Harrisburg, NC",Explore the depths of God's word and how to live out His truth every day — building an intimate relationship with Him and walking in the power of the Holy Spirit. Current study: The Reliability of the Bible — how we know it wasn't changed over time and why we can trust it.,,https://theburgchurch.churchcenter.com/groups/study/becoming-a-disciple,,📖,#e8945a,yes
study,Bible Study with The Colemans,Weekly Bible Study,Thursdays · 6:30–8pm,Darron & Pamela,"Home group · Charlotte, NC (28269)","Come to our home to study the Word of God together. We cover many topics over time, all biblically based. Anyone is welcome — we just don’t have space for children at this time.",,https://theburgchurch.churchcenter.com/groups/study/bible-study-with-the-colemans,,🙏,#5b7fa6,yes
study,Christian Worldview & Apologetics,Worldview Study,"1st, 2nd & 3rd Friday · 7–9:30pm",Joey,"Home group · Concord, NC","Food, fellowship, and most importantly digging into the Word. We study what a Christian worldview is, how it shapes every part of life, and biblical apologetics topics. All ages welcome.",,https://theburgchurch.churchcenter.com/groups/study/christian-worldview-apologetics,,🧠,#7a6eb5,yes
study,Coffee with my Father,Sunday Morning Group,Sundays · 9:15–10:30am,Bill & Kim,"Home group · Charlotte, NC","A weekly Sunday-morning Bible study over coffee, hosted in Bill and Kim’s home.",,https://theburgchurch.churchcenter.com/groups/study/coffee-with-my-father,,☕,#a07850,yes
study,Kingdom Focus,Saturday Study,Saturdays · 4–7pm,Jessica,,"Reading Experiencing God by Henry Blackaby — learning to recognize God’s voice, know and do His will, and grow stronger in faith. We discuss the reading, watch the study videos, share fellowship, and pray together. Currently a mix of ladies on different walks — perfect if you’re actively seeking Jesus or feel alone in your faith.",,https://theburgchurch.churchcenter.com/groups/study/kingdom-focus,,👑,#4a7558,yes
study,Ladies @ The Burg,Women's Monthly Group,One Tuesday night a month,Emmie & Crystal,"The Burg Church · Harrisburg, NC","A close-knit community of women from diverse backgrounds gathering for spiritual growth, service, and fellowship — through Bible study, outreach projects, and social events. Ladies of all ages are welcome.",,https://theburgchurch.churchcenter.com/groups/study/ladies-the-burg,,🌸,#a67bab,yes
study,Ladies Bible Study Fellowship,Women's Weekly Study (BSF),Wednesdays · 9:30–11am,Jennifer,"Multiply Church · Concord, NC","An in-depth, global Bible study with personal study questions, small-group discussion, lecture, and lesson notes. Ladies from all churches welcome. Register at mybsf.org — BSF assigns your discussion group. Sept 2026 – May 2027: Romans.",,https://theburgchurch.churchcenter.com/groups/study/ladies-bible-study-fellowship,,📚,#c97eab,yes
study,Lunch & Learn Bible Study Group,Monthly Fellowship & Study,2nd Sunday lunch · 4th Sunday study,Cathie & Dave,Local restaurant (lunch) · home in N. Charlotte (study),Lunch and fellowship at a local eatery after the 3rd service on the 2nd Sunday of each month; Bible study on the 4th Sunday in a home in North Charlotte (no young children at the study for safety/space). Everyone is welcome at the lunch.,,https://theburgchurch.churchcenter.com/groups/study/lunch-learn-bible-study-group,,🥗,#c9a96e,yes
study,Monday Men's Bible Study,Men's Weekly Study,Mondays · 7–8pm,Mike & Bill,"The Burg Church · Harrisburg, NC",A Bible study that helps men become the leaders of their homes by digging deeper into the Word and building godly friendships with other men.,,https://theburgchurch.churchcenter.com/groups/study/monday-men-s-bible-study,,💪,#5b7fa6,yes
study,P.A.L.S.,Praying and Loving Sisters,1st Monday monthly · 6–8:15pm,Ellen,"Home group · Harrisburg, NC","Dinner at 6pm, then study and prayer 7–8:15pm, plus a text prayer group to support each other between meetings. Fall 2026 study: Fight Back with Joy by Margaret Feinberg.",,https://theburgchurch.churchcenter.com/groups/study/p-a-l-s-praying-and-loving-sisters-study-group,,💜,#ab7bab,yes
study,Prayer and Compassion,Prayer Group,Sundays before service,,"The Burg Church · Harrisburg, NC",Join us on Sundays before the service for a time of prayer.,,https://theburgchurch.churchcenter.com/groups/study/prayer-and-compassion,,🕊️,#6e9ac9,yes
study,The Story of Jesus Bible Study,8-Week Fall Study,Wednesdays · 7–8:30pm · Sep 23 – Nov 18,Steve,"Home group · Harrisburg, NC","An 8-week study on the life of Jesus with videos by Randy Frazee. A great way for you (and your spouse, if married) to start Bible study, make deeper friendships, and prepare for Christmas. Childcare can be arranged.",,https://theburgchurch.churchcenter.com/groups/study/the-story-of-jesus-bible-study,,✝️,#8a5050,yes
study,Wholehearted — Deeper,Healing & Growth Class,,Kelly,"Home group · Concord, NC","An intentional journey toward wholeness and healing in relationship with God. We go deeper into hearing God’s voice, inner healing, spiritual warfare, prayer, and identity in Christ — because there is more.",,https://theburgchurch.churchcenter.com/groups/study/wholehearted-deeper,,🔥,#c96e6e,yes
study,Women in the Word,Women's Biweekly Study,Every other week,Katherine,"Home group · Harrisburg, NC",A biweekly group for women in all walks of life to build community and learn about Christ together as we read through the Bible.,,https://theburgchurch.churchcenter.com/groups/study/women-in-the-word,,🌿,#6abfa6,yes
study,Women's Bible Study & Fellowship,Women's Study Group,,,,A group for all ladies. Currently studying Brave and Beloved by Meredith Storrs.,,https://theburgchurch.churchcenter.com/groups/study/women-s-bible-study-and-fellowship,,🌺,#c97e7e,yes
study,Young Adults Study (Girls),Young Women's Study,,,,,,https://theburgchurch.churchcenter.com/groups/study/young-adults-study-group-girls,,✨,#e88fa0,yes
study,Young Adults Study/Social (Co-ed),Young Adults · Co-ed,,Pastor Brayton,"Home group · Kannapolis, NC",,,https://theburgchurch.churchcenter.com/groups/study/young-adults-study-social-group-co-ed,,🙌,#6eb8c9,yes
support,Blessed At The Burg,Special Needs Ministry,,Crystal,,Supporting NC Special Olympics and our special needs community — partnering with local teams and blessing families in Harrisburg. You’ll be blessed by these friendships and this outreach.,crystal@theburg.church,https://theburgchurch.churchcenter.com/groups/support/blessed-at-the-burg,,🌟,#d4a820,yes
support,Congregational Care,Care Team,,,,,,https://theburgchurch.churchcenter.com/groups/support/congregational-care,,🤲,#5b9ac9,yes
support,Homeless Outreach at the Mission,Outreach · Concord,3rd Sunday · 1:15–3pm,,"Mission of Hellfighters · 590 Church St N, Concord","We partner with the Hellfighters of Concord to feed the homeless at their Mission on the 3rd Sunday of every month after a short devotional. We also provide a meal for their Bible study on the 1st Monday, run an Oct–Dec Christmas drive (socks, hats, gloves, toiletries), and collect gently used clothing year-round.",,https://theburgchurch.churchcenter.com/groups/support/homeless-outreach-at-the-mission-in-concord,,🏠,#c9a96e,yes
support,Marriage Ministry,Couples Community,,,,"If you’re married, this is for you. Fellowship, grow, and build community while we discuss topics every marriage faces. Bring a dish to share — childcare is provided!",,https://theburgchurch.churchcenter.com/groups/support/marriage-ministry,,💍,#c96e6e,yes
social,Building a Marriage,Young Married Couples,,,,Young married couples connecting and growing stronger together — strengthening our relationships with God and with each other.,,https://theburgchurch.churchcenter.com/groups/social/building-a-marriage,,💑,#c96e6e,yes
social,Bumps At The Burg,Expecting Moms,,Alyssa & Jenna,,"A community for expecting moms to journey through pregnancy together — friendship, shared stories, and real conversation. No matter your background or where you are on the road to motherhood, you belong here.",,https://theburgchurch.churchcenter.com/groups/social/bumps-at-the-burg,,👶,#f0b890,yes
social,Burg Hiking,Outdoor Adventure,,,Mountain trails,"Explore breathtaking hikes and enjoy the beauty of God’s creation together. Seasoned hiker or beginner, we take the trails at a pace almost anyone can enjoy.",,https://theburgchurch.churchcenter.com/groups/social/burg-hiking,,🥾,#4a7558,yes
social,Co-Ed Golf Tribe,Golf · All Skill Levels,4th Saturday monthly,,Driving range or local course,Join us every month at the driving range or out on a course. All skill levels welcome.,,https://theburgchurch.churchcenter.com/groups/social/co-ed-golf-tribe,,⛳,#6abfa6,yes
social,Dinner Out,Monthly Dinner,2nd Friday monthly · ~6:30pm,,Local restaurants,Good food with good people — we try a different local restaurant each month.,,https://theburgchurch.churchcenter.com/groups/social/dinner-out,,🍽️,#c9a96e,yes
social,Evening at the Farm,Homestead Skills,Monthly Friday nights · spring & fall,,,"Learn homestead skills hands-on: canning, herbs as medicine, gardening, chicken care, making jams, and more. No farm needed — it’s about learning to do things yourself, whatever your home looks like.",,https://theburgchurch.churchcenter.com/groups/social/evening-at-the-farm,,🌾,#e8945a,yes
social,Gears For God,Car Enthusiasts,Cars & coffee · 2nd Saturday monthly,Jeremy & Rick,,"Love God and cars? A group for auto enthusiasts: a cars-and-coffee show every 2nd Saturday, plus weeknight meetups to plan excursions.",,https://theburgchurch.churchcenter.com/groups/social/gears-for-god,,🏎️,#888888,yes
social,In-Between Sisterhood,Women 30–45,Every other Friday · 6:30–8pm,Marian,,"For women 30–45 who are too old for young adults, too young for the golden gals, and too fabulous to be forgotten. No husbands, no kids, no chaos — just real talk, deep laughs, and fellowship. Yoga pants welcome.",,https://theburgchurch.churchcenter.com/groups/social/in-between-sisterhood,,🌙,#d4a0b5,yes
social,Mamas on the Move,Moms & Little Ones,Every other Wednesday · 9am,,Frank Liske Park & around Cabarrus Co.,"A social group for young mamas and their littles — walks, coffee chats, and moms’ nights out. Find community and support as we grow in motherhood and follow Jesus together.",,https://theburgchurch.churchcenter.com/groups/social/mamas-on-the-move,,🏃‍♀️,#6eb8c9,yes
social,Movie Night,Monthly Movie,3rd Saturday monthly · ~6pm,,,A monthly movie and fellowship night — grab your popcorn!,,https://theburgchurch.churchcenter.com/groups/social/movie-night,,🎬,#5b5b8a,yes
social,Pickleball Group,Pickleball · All Levels,,Steven & Cheryl,"Les Myers Park · Concord, NC",Hit the courts with fellow Burg members and build friendships one rally at a time.,,https://theburgchurch.churchcenter.com/groups/social/pickleball-group,,🏓,#5a8c42,yes
social,Prime Time,Empty Nesters,Once a month,,,"For empty nesters, almost empty nesters, and the young at heart. We gather monthly for fun and fellowship.",,https://theburgchurch.churchcenter.com/groups/social/prime-time,,🌅,#c9a96e,yes
social,Sewing/Quilting Group,Creative Arts,Every other Thu evening · Fri & Sat mornings,Ellen,"Home group · Harrisburg, NC","Learn to sew — all skill levels welcome. Projects vary: baby blankets, aprons for moms in Africa, pillows, quilts, even a dress.",,https://theburgchurch.churchcenter.com/groups/social/sewing-quilting-group,,🧵,#c97eab,yes
